[{"model": "api.user", "pk": 1, "fields": {"password": "pbkdf2_sha256$1200000$sTrjH5nk2ST62MHfVYHFfX$ZMC8TlAgNBijQS9f5OewmxdVbpE4IZKKQPb9iwNi9PU=", "last_login": "2026-05-13T14:53:21.572Z", "is_superuser": false, "username": "johny", "first_name": "", "last_name": "", "is_staff": false, "is_active": true, "date_joined": "2026-04-30T09:06:21.094Z", "email": "john@example.com", "avatar": "", "is_online": false, "is_bot": false, "elo": -6, "groups": [], "user_permissions": []}}, {"model": "api.user", "pk": 2, "fields": {"password": "pbkdf2_sha256$1200000$fbFnWyj2HzKvW9j0wqmJ8m$9nkQzHAhXb6axNLUJ5hsKaqGL7Zy3SB8O1e0HP3GMXg=", "last_login": "2026-05-13T14:34:48.626Z", "is_superuser": false, "username": "johnyT", "first_name": "", "last_name": "", "is_staff": false, "is_active": true, "date_joined": "2026-04-30T09:06:31.121Z", "email": "johnT@example.com", "avatar": "", "is_online": false, "is_bot": false, "elo": 6, "groups": [], "user_permissions": []}}, {"model": "api.user", "pk": 3, "fields": {"password": "pbkdf2_sha256$1200000$RjskUulPz6Fcdo8rV5anAk$EIe4t5CDAO8OaZbdIsWMrMoryO1LWJnVBDvOZ3pkTaY=", "last_login": null, "is_superuser": false, "username": "t", "first_name": "", "last_name": "", "is_staff": false, "is_active": true, "date_joined": "2026-04-30T09:43:44.327Z", "email": "johT@example.com", "avatar": "", "is_online": false, "is_bot": false, "elo": 0, "groups": [], "user_permissions": []}}, {"model": "api.user", "pk": 4, "fields": {"password": "pbkdf2_sha256$1200000$nCcIc84IBNyxgPVza88Aw8$/nJhx4eXtQVv0Brj+0DrTkytsQZOXuKdyY42XOii4SI=", "last_login": null, "is_superuser": false, "username": "te", "first_name": "", "last_name": "", "is_staff": false, "is_active": true, "date_joined": "2026-04-30T09:45:12.908Z", "email": "jhT@example.com", "avatar": "", "is_online": false, "is_bot": false, "elo": 0, "groups": [], "user_permissions": []}}, {"model": "api.user", "pk": 5, "fields": {"password": "pbkdf2_sha256$1200000$lGSosoq6FCYRgeilzUNV0H$mmGl/mWT9iUVTCkrm3SBRekk/gRQ1PGEKFrXgsaD7f0=", "last_login": null, "is_superuser": false, "username": "jo", "first_name": "", "last_name": "", "is_staff": false, "is_active": true, "date_joined": "2026-05-01T08:38:09.682Z", "email": "joT@example.com", "avatar": "", "is_online": false, "is_bot": false, "elo": 0, "groups": [], "user_permissions": []}}, {"model": "api.user", "pk": 6, "fields": {"password": "pbkdf2_sha256$1200000$yfDSA7roejqPmsNFLPLs8V$en8Mq04xnx46S293l6GXWA0x7dgt8vmY09XDdxRhTXg=", "last_login": null, "is_superuser": false, "username": "j", "first_name": "", "last_name": "", "is_staff": false, "is_active": true, "date_joined": "2026-05-01T08:39:28.102Z", "email": "jT@example.com", "avatar": "", "is_online": false, "is_bot": false, "elo": 0, "groups": [], "user_permissions": []}}, {"model": "api.user", "pk": 7, "fields": {"password": "pbkdf2_sha256$1200000$hZxEJOJpAuYx1wVRA2dkg5$rPT0PJJKZvgSZa2RxKUssfuSzP9zziYjxPjykLXLzyE=", "last_login": "2026-05-01T08:42:17.232Z", "is_superuser": false, "username": "jt", "first_name": "", "last_name": "", "is_staff": false, "is_active": true, "date_joined": "2026-05-01T08:42:15.573Z", "email": "jtT@example.com", "avatar": "", "is_online": false, "is_bot": false, "elo": 0, "groups": [], "user_permissions": []}}, {"model": "api.user", "pk": 23, "fields": {"password": "pbkdf2_sha256$1200000$9fxTgmPTLNL2xQwRugEawq$eunPtCpmUIiKH1a30Z20VGLkgNhLD0Yo7YmxXFd31Vw=", "last_login": "2026-05-13T14:37:52.066Z", "is_superuser": false, "username": "cyraullie", "first_name": "", "last_name": "", "is_staff": false, "is_active": true, "date_joined": "2026-05-12T14:22:38.556Z", "email": "cyraullie@example.com", "avatar": "avatars/avatar.jpg", "is_online": false, "is_bot": false, "elo": 0, "groups": [], "user_permissions": []}}, {"model": "api.user", "pk": 29, "fields": {"password": "pbkdf2_sha256$1200000$aEjzNQU7l8hJzWob3DQKdS$uWPbAdSaVVaCJjO8OzcBesfsUM/Ig6rHYZ8d4XOh7EQ=", "last_login": "2026-05-13T14:49:55.499Z", "is_superuser": false, "username": "cyraul", "first_name": "", "last_name": "", "is_staff": false, "is_active": true, "date_joined": "2026-05-13T12:41:09.047Z", "email": "cyraulle@example.com", "avatar": "avatar.png", "is_online": false, "is_bot": false, "elo": 0, "groups": [], "user_permissions": []}}, {"model": "api.user", "pk": 30, "fields": {"password": "", "last_login": null, "is_superuser": false, "username": "BOT0", "first_name": "", "last_name": "", "is_staff": false, "is_active": true, "date_joined": "2026-05-13T15:32:34.745Z", "email": "bot0@bot.com", "avatar": "avatars/bot.jpg", "is_online": false, "is_bot": true, "elo": 0, "groups": [], "user_permissions": []}}, {"model": "api.user", "pk": 31, "fields": {"password": "", "last_login": null, "is_superuser": false, "username": "BOT1", "first_name": "", "last_name": "", "is_staff": false, "is_active": true, "date_joined": "2026-05-13T15:32:34.752Z", "email": "bot1@bot.com", "avatar": "avatars/bot.jpg", "is_online": false, "is_bot": true, "elo": 0, "groups": [], "user_permissions": []}}, {"model": "api.user", "pk": 32, "fields": {"password": "", "last_login": null, "is_superuser": false, "username": "BOT2", "first_name": "", "last_name": "", "is_staff": false, "is_active": true, "date_joined": "2026-05-13T15:32:34.755Z", "email": "bot2@bot.com", "avatar": "avatars/bot.jpg", "is_online": false, "is_bot": true, "elo": 0, "groups": [], "user_permissions": []}}, {"model": "api.user", "pk": 33, "fields": {"password": "", "last_login": null, "is_superuser": false, "username": "BOT3", "first_name": "", "last_name": "", "is_staff": false, "is_active": true, "date_joined": "2026-05-13T15:32:34.762Z", "email": "bot3@bot.com", "avatar": "avatars/bot.jpg", "is_online": false, "is_bot": true, "elo": 0, "groups": [], "user_permissions": []}}, {"model": "api.user", "pk": 34, "fields": {"password": "", "last_login": null, "is_superuser": false, "username": "BOT4", "first_name": "", "last_name": "", "is_staff": false, "is_active": true, "date_joined": "2026-05-13T15:32:34.763Z", "email": "bot4@bot.com", "avatar": "avatars/bot.jpg", "is_online": false, "is_bot": true, "elo": 0, "groups": [], "user_permissions": []}}, {"model": "api.user", "pk": 35, "fields": {"password": "", "last_login": null, "is_superuser": false, "username": "BOT5", "first_name": "", "last_name": "", "is_staff": false, "is_active": true, "date_joined": "2026-05-13T15:32:34.766Z", "email": "bot5@bot.com", "avatar": "avatars/bot.jpg", "is_online": false, "is_bot": true, "elo": 0, "groups": [], "user_permissions": []}}, {"model": "api.friendship", "pk": 2, "fields": {"from_user": 1, "to_user": 2, "status": "blocked", "created_at": "2026-05-11", "accepted_at": "2026-05-12"}}, {"model": "api.friendship", "pk": 3, "fields": {"from_user": 1, "to_user": 3, "status": "pending", "created_at": "2026-05-11", "accepted_at": null}}, {"model": "api.friendship", "pk": 4, "fields": {"from_user": 1, "to_user": 4, "status": "pending", "created_at": "2026-05-11", "accepted_at": null}}, {"model": "api.friendship", "pk": 5, "fields": {"from_user": 1, "to_user": 5, "status": "accepted", "created_at": "2026-05-11", "accepted_at": "2026-05-13"}}, {"model": "api.friendship", "pk": 6, "fields": {"from_user": 1, "to_user": 6, "status": "accepted", "created_at": "2026-05-11", "accepted_at": "2026-05-13"}}, {"model": "api.friendship", "pk": 7, "fields": {"from_user": 1, "to_user": 23, "status": "accepted", "created_at": "2026-05-13", "accepted_at": "2026-05-13"}}, {"model": "game.room", "pk": 3, "fields": {"uuid": "bded425d-92d7-4e3f-8e7a-b826a389c69a", "code": "862aa189", "host": 2, "status": "end", "game_state": {"players": {"0": {"cards": [{"color": "club", "value": "J", "id": 5}, {"color": "diamond", "value": "6", "id": 18}, {"color": "diamond", "value": "8", "id": 20}, {"color": "diamond", "value": "J", "id": 23}, {"color": "diamond", "value": "A", "id": 26}, {"color": "spade", "value": "9", "id": 12}, {"color": "spade", "value": "J", "id": 14}, {"color": "heart", "value": "8", "id": 29}, {"color": "heart", "value": "10", "id": 31}, {"color": "heart", "value": "J", "id": 32}, {"color": "heart", "value": "Q", "id": 33}], "taken": [], "puntos": 2, "shtokr": []}, "1": {"cards": [{"color": "diamond", "value": "Q", "id": 24}, {"color": "diamond", "value": "K", "id": 25}, {"color": "spade", "value": "6", "id": 9}, {"color": "spade", "value": "7", "id": 10}, {"color": "spade", "value": "8", "id": 11}, {"color": "spade", "value": "10", "id": 13}, {"color": "spade", "value": "K", "id": 16}, {"color": "heart", "value": "6", "id": 27}, {"color": "heart", "value": "9", "id": 30}, {"color": "heart", "value": "K", "id": 34}, {"color": "heart", "value": "A", "id": 35}], "taken": [{"color": "club", "value": "Q", "id": 6}, {"color": "club", "value": "10", "id": 4}, {"color": "club", "value": "6", "id": 0}, {"color": "diamond", "value": "10", "id": 22}], "puntos": -130, "shtokr": []}}, "lastCard": {"value": "-1", "color": "none", "id": -1}, "playing": 1, "board": {}, "tricks": "diamond", "start": 1}, "created_at": "2026-05-01T08:05:05.008Z", "started_at": "2026-05-05T08:05:05.008Z", "ended_at": "2026-05-11T14:19:00.711Z", "nb_player": 2}}, {"model": "game.room", "pk": 5, "fields": {"uuid": "999551a0-5752-4aa1-bda5-47cbdc81100e", "code": "bb1ba5e8", "host": 1, "status": "open", "game_state": {"players": {}, "lastCard": null, "playing": 0, "board": {}}, "created_at": "2026-05-13T14:58:18.814Z", "started_at": null, "ended_at": null, "nb_player": 0}}, {"model": "game.playerscore", "pk": 32, "fields": {"player": 1, "rank": 2, "room": 3, "score": 2}}, {"model": "game.playerscore", "pk": 33, "fields": {"player": 2, "rank": 1, "room": 3, "score": -130}}, {"model": "game.playerpresence", "pk": 11, "fields": {"player": 1, "room": 3, "is_online": true, "is_human": true, "position": 0, "last_seen": "2026-05-05T07:42:58.986Z", "channel_name": "specific..inmemory!jCsLcYNpPJlx", "difficulty": "medium"}}, {"model": "game.playerpresence", "pk": 12, "fields": {"player": 2, "room": 3, "is_online": true, "is_human": true, "position": 1, "last_seen": "2026-05-05T07:43:01.746Z", "channel_name": "specific..inmemory!XjZlEimboAKG", "difficulty": "medium"}}, {"model": "game.stat", "pk": 1, "fields": {"user": 1, "win": 0, "lose": 2, "played": 2, "total_points": 4, "nb_taken": 9, "nb_last_take": 0, "nb_trick_choose": 2, "prefered_trick": "diamond", "tricks": {"club": 0, "heart": 0, "spade": 0, "diamond": 2}, "hand_meld_points": 0, "board_meld_points": 0, "highest_hand_meld": 0, "highest_board_meld": 0, "nb_host": 0}}, {"model": "game.stat", "pk": 2, "fields": {"user": 2, "win": 1, "lose": 1, "played": 2, "total_points": -260, "nb_taken": 10, "nb_last_take": 0, "nb_trick_choose": 0, "prefered_trick": "null", "tricks": {"club": 0, "heart": 0, "spade": 0, "diamond": 0}, "hand_meld_points": 100, "board_meld_points": 0, "highest_hand_meld": 40, "highest_board_meld": 0, "nb_host": 2}}, {"model": "game.stat", "pk": 3, "fields": {"user": 3, "win": 0, "lose": 0, "played": 0, "total_points": 0, "nb_taken": 0, "nb_last_take": 0, "nb_trick_choose": 0, "prefered_trick": "null", "tricks": {"club": 0, "heart": 0, "spade": 0, "diamond": 0}, "hand_meld_points": 0, "board_meld_points": 0, "highest_hand_meld": 0, "highest_board_meld": 0, "nb_host": 0}}, {"model": "game.stat", "pk": 4, "fields": {"user": 4, "win": 0, "lose": 0, "played": 0, "total_points": 0, "nb_taken": 0, "nb_last_take": 0, "nb_trick_choose": 0, "prefered_trick": "null", "tricks": {"club": 0, "heart": 0, "spade": 0, "diamond": 0}, "hand_meld_points": 0, "board_meld_points": 0, "highest_hand_meld": 0, "highest_board_meld": 0, "nb_host": 0}}, {"model": "game.stat", "pk": 5, "fields": {"user": 5, "win": 0, "lose": 0, "played": 0, "total_points": 0, "nb_taken": 0, "nb_last_take": 0, "nb_trick_choose": 0, "prefered_trick": "null", "tricks": {"club": 0, "heart": 0, "spade": 0, "diamond": 0}, "hand_meld_points": 0, "board_meld_points": 0, "highest_hand_meld": 0, "highest_board_meld": 0, "nb_host": 0}}, {"model": "game.stat", "pk": 6, "fields": {"user": 6, "win": 0, "lose": 0, "played": 0, "total_points": 0, "nb_taken": 0, "nb_last_take": 0, "nb_trick_choose": 0, "prefered_trick": "null", "tricks": {"club": 0, "heart": 0, "spade": 0, "diamond": 0}, "hand_meld_points": 0, "board_meld_points": 0, "highest_hand_meld": 0, "highest_board_meld": 0, "nb_host": 0}}, {"model": "game.stat", "pk": 7, "fields": {"user": 7, "win": 0, "lose": 0, "played": 0, "total_points": 0, "nb_taken": 0, "nb_last_take": 0, "nb_trick_choose": 0, "prefered_trick": "null", "tricks": {"club": 0, "heart": 0, "spade": 0, "diamond": 0}, "hand_meld_points": 0, "board_meld_points": 0, "highest_hand_meld": 0, "highest_board_meld": 0, "nb_host": 0}}, {"model": "game.stat", "pk": 19, "fields": {"user": 23, "win": 0, "lose": 0, "played": 0, "total_points": 0, "nb_taken": 0, "nb_last_take": 0, "nb_trick_choose": 0, "prefered_trick": "null", "tricks": {"club": 0, "heart": 0, "spade": 0, "diamond": 0}, "hand_meld_points": 0, "board_meld_points": 0, "highest_hand_meld": 0, "highest_board_meld": 0, "nb_host": 0}}, {"model": "game.stat", "pk": 25, "fields": {"user": 29, "win": 0, "lose": 0, "played": 0, "total_points": 0, "nb_taken": 0, "nb_last_take": 0, "nb_trick_choose": 0, "prefered_trick": "null", "tricks": {"club": 0, "heart": 0, "spade": 0, "diamond": 0}, "hand_meld_points": 0, "board_meld_points": 0, "highest_hand_meld": 0, "highest_board_meld": 0, "nb_host": 0}}, {"model": "game.stat", "pk": 26, "fields": {"user": 30, "win": 0, "lose": 0, "played": 0, "total_points": 0, "nb_taken": 0, "nb_last_take": 0, "nb_trick_choose": 0, "prefered_trick": "null", "tricks": {"club": 0, "heart": 0, "spade": 0, "diamond": 0}, "hand_meld_points": 0, "board_meld_points": 0, "highest_hand_meld": 0, "highest_board_meld": 0, "nb_host": 0}}, {"model": "game.stat", "pk": 27, "fields": {"user": 31, "win": 0, "lose": 0, "played": 0, "total_points": 0, "nb_taken": 0, "nb_last_take": 0, "nb_trick_choose": 0, "prefered_trick": "null", "tricks": {"club": 0, "heart": 0, "spade": 0, "diamond": 0}, "hand_meld_points": 0, "board_meld_points": 0, "highest_hand_meld": 0, "highest_board_meld": 0, "nb_host": 0}}, {"model": "game.stat", "pk": 28, "fields": {"user": 32, "win": 0, "lose": 0, "played": 0, "total_points": 0, "nb_taken": 0, "nb_last_take": 0, "nb_trick_choose": 0, "prefered_trick": "null", "tricks": {"club": 0, "heart": 0, "spade": 0, "diamond": 0}, "hand_meld_points": 0, "board_meld_points": 0, "highest_hand_meld": 0, "highest_board_meld": 0, "nb_host": 0}}, {"model": "game.stat", "pk": 29, "fields": {"user": 33, "win": 0, "lose": 0, "played": 0, "total_points": 0, "nb_taken": 0, "nb_last_take": 0, "nb_trick_choose": 0, "prefered_trick": "null", "tricks": {"club": 0, "heart": 0, "spade": 0, "diamond": 0}, "hand_meld_points": 0, "board_meld_points": 0, "highest_hand_meld": 0, "highest_board_meld": 0, "nb_host": 0}}, {"model": "game.stat", "pk": 30, "fields": {"user": 34, "win": 0, "lose": 0, "played": 0, "total_points": 0, "nb_taken": 0, "nb_last_take": 0, "nb_trick_choose": 0, "prefered_trick": "null", "tricks": {"club": 0, "heart": 0, "spade": 0, "diamond": 0}, "hand_meld_points": 0, "board_meld_points": 0, "highest_hand_meld": 0, "highest_board_meld": 0, "nb_host": 0}}, {"model": "game.stat", "pk": 31, "fields": {"user": 35, "win": 0, "lose": 0, "played": 0, "total_points": 0, "nb_taken": 0, "nb_last_take": 0, "nb_trick_choose": 0, "prefered_trick": "null", "tricks": {"club": 0, "heart": 0, "spade": 0, "diamond": 0}, "hand_meld_points": 0, "board_meld_points": 0, "highest_hand_meld": 0, "highest_board_meld": 0, "nb_host": 0}}]
